title,author,date,link,pdf_link,query,search_engine,nr_found,cite_count,doi
A Fundamental-and-Harmonic Dual-Frequency Doppler Radar System for Vital Signs Detection Enabling Radar Movement Self-Cancellation,"Fang Zhu, Kuangda Wang, Ke Wu",Nov. 2018,https://ieeexplore.ieee.org/document/8474325/,https://ieeexplore.ieee.org/stamp/stamp.jsp?tp=&arnumber=8474325,,,1,0,10.1109/TMTT.2018.2869591
A mechanism for three dimensional levitated movement of a small magnet,"T. Nakamura, M.B. Khamesee",18-21 March 1996,https://ieeexplore.ieee.org/document/509293/,https://ieeexplore.ieee.org/stamp/stamp.jsp?tp=&arnumber=509293,,,1,0,10.1109/AMC.1996.509293
An Inertial Sensor for Mechanical Compensation of the Vehicle Vertical Movement Impact on In-Vehicle Embedded Camera Orientation,"Mohamed Zayed, Jacques Boonaert",30 Sept.-3 Oct. 2007,https://ieeexplore.ieee.org/document/4357675/,https://ieeexplore.ieee.org/stamp/stamp.jsp?tp=&arnumber=4357675,,,1,2,10.1109/ITSC.2007.4357675
Compensative mechanism based on steerable antennas for High Altitude Platform movement,"Hui Li, Xin Xu, Mingchuan Yang, Qing Guo",17-19 Aug. 2011,https://ieeexplore.ieee.org/document/6158277/,https://ieeexplore.ieee.org/stamp/stamp.jsp?tp=&arnumber=6158277,,,1,1,10.1109/ChinaCom.2011.6158277
Handover movement informing receiver of weight load as informative motion study for human-friendly robot,Takafumi Matsumaru,27 Sept.-2 Oct. 2009,https://ieeexplore.ieee.org/document/5326346/,https://ieeexplore.ieee.org/stamp/stamp.jsp?tp=&arnumber=5326346,,,1,0,10.1109/ROMAN.2009.5326346
"Obstacle crossing of a real, compliant robot based on local evasion movements and averaging of stance heights using singular value decomposition","Jan Paskarbeit, Malte Schilling, Josef Schmitz, Axel Schneider",26-30 May 2015,https://ieeexplore.ieee.org/document/7139631/,https://ieeexplore.ieee.org/stamp/stamp.jsp?tp=&arnumber=7139631,,,1,3,10.1109/ICRA.2015.7139631
Random Wobbles in the Movement of a Route-Following Robot: Simulating Neuromotor Deficit Using an Embedded Navigation System,Argus Sun,24-26 June 2013,https://ieeexplore.ieee.org/document/6579405/,https://ieeexplore.ieee.org/stamp/stamp.jsp?tp=&arnumber=6579405,,,1,0,10.1109/ICISA.2013.6579405
Use of the MIME robotic system to retrain multijoint reaching in post-stroke hemiparesis: why some movement patterns work better than others,"P.S. Lum, C.G. Burgar, P.C. Shor",17-21 Sept. 2003,https://ieeexplore.ieee.org/document/1279614/,https://ieeexplore.ieee.org/stamp/stamp.jsp?tp=&arnumber=1279614,,,1,6,10.1109/IEMBS.2003.1279614
