title,author,date,link,pdf_link
A Generic Architecture Supporting Context-Aware Data and Transaction Management for Mobile Applications,"Steffen Vaupel, Damian Wlochowitz, Gabriele Taentzer",16-17 May 2016,https://ieeexplore.ieee.org/document/7832973/,https://ieeexplore.ieee.org/stamp/stamp.jsp?tp=&arnumber=7832973
A cloud based dual-root trust model for secure mobile online transactions,"Li Li, Dijiang Huang, Zhidong Shen, Samia Bouzefrane",7-10 April 2013,https://ieeexplore.ieee.org/document/6555287/,https://ieeexplore.ieee.org/stamp/stamp.jsp?tp=&arnumber=6555287
A mobile transaction processing system to improve concurrency in mobile database,"M. Mohana, C. Jayakumar",26-28 Dec. 2013,https://ieeexplore.ieee.org/document/6724253/,https://ieeexplore.ieee.org/stamp/stamp.jsp?tp=&arnumber=6724253
A transaction model for mobile computing,"S.K. Madria, B. Bhargava",10-10 July 1998,https://ieeexplore.ieee.org/document/694363/,https://ieeexplore.ieee.org/stamp/stamp.jsp?tp=&arnumber=694363
Agent-Based Infrastructure for Data and Transaction Management in Mobile Heterogeneous Environment,"Machigar Ongtang, Ali R. Hurson, Yu Jiao",6-8 Jan. 2009,https://ieeexplore.ieee.org/document/4797269/,https://ieeexplore.ieee.org/stamp/stamp.jsp?tp=&arnumber=4797269
Analyzing mobile transactions support for DBMS,"P. Serrano-Alvarado, C.L. Roncancio, M. Adiba",3-7 Sept. 2001,https://ieeexplore.ieee.org/document/953124/,https://ieeexplore.ieee.org/stamp/stamp.jsp?tp=&arnumber=953124
Broadcast of consistent data to read-only transactions from mobile clients,"Kam-Yiu Lam, Mei-Wai Au, Edward Chan",25-26 Feb. 1999,https://ieeexplore.ieee.org/document/749280/,https://ieeexplore.ieee.org/stamp/stamp.jsp?tp=&arnumber=749280
Defensive protocol to ensure safe Mobile Financial Transaction in current context,"Md. Hasib Firoz, Zulfiquar Ahmed",18-20 Jan. 2017,https://ieeexplore.ieee.org/document/7886157/,https://ieeexplore.ieee.org/stamp/stamp.jsp?tp=&arnumber=7886157
Enforcing interdependencies and executing transactions atomically over autonomous mobile data stores using SyD link technology,"S.K. Prasad, A.G. Bourgeois, E. Dogdu, R. Sunderraman, Yi Pan, S. Navathe, V. Madisetti",19-22 May 2003,https://ieeexplore.ieee.org/document/1203650/,https://ieeexplore.ieee.org/stamp/stamp.jsp?tp=&arnumber=1203650
Failure Resilient Criteria for Mobile Web Services Transactions,"Muhammad Younas, Leonard Barolli, Makoto Ikeda",19-21 Sept. 2012,https://ieeexplore.ieee.org/document/6354727/,https://ieeexplore.ieee.org/stamp/stamp.jsp?tp=&arnumber=6354727
Improving the Success Rate of Concurrent Mobile Transactions by Predicting Time for Execution,"Salman Abdul Moiz, Umesh Kumar Choudhary",20-23 Dec. 2014,https://ieeexplore.ieee.org/document/7024677/,https://ieeexplore.ieee.org/stamp/stamp.jsp?tp=&arnumber=7024677
Increasing mobile transaction concurrency in dynamically configurable environments,"A. Brayner, J.A. Filho",6-10 June 2005,https://ieeexplore.ieee.org/document/1437237/,https://ieeexplore.ieee.org/stamp/stamp.jsp?tp=&arnumber=1437237
Location Dependent Transaction for Mobile Environment,"A. Alqerem, W. Hussak",24-28 April 2006,https://ieeexplore.ieee.org/document/1684879/,https://ieeexplore.ieee.org/stamp/stamp.jsp?tp=&arnumber=1684879
Mobility Management Scheme for Context-Aware Transactions in Pervasive and Mobile Cyberspace,"Muhammad Younas, Irfan Awan",March 2013,https://ieeexplore.ieee.org/document/6195011/,https://ieeexplore.ieee.org/stamp/stamp.jsp?tp=&arnumber=6195011
Moflex transaction model for mobile heterogeneous multidatabase systems,"Kyong-I Ku, Yoo-Sung Kim",28-29 Feb. 2000,https://ieeexplore.ieee.org/document/836498/,https://ieeexplore.ieee.org/stamp/stamp.jsp?tp=&arnumber=836498
Multi-step transactions specification and verification in a mobile database community,"Rafat Alshorman, Walter Hussak",7-11 April 2008,https://ieeexplore.ieee.org/document/4530295/,https://ieeexplore.ieee.org/stamp/stamp.jsp?tp=&arnumber=4530295
On transaction processing with partial validation and timestamp ordering in mobile broadcast environments,"V.C.S. Lee, Kwok-Wa Lam, S.H. Son, E.Y.M. Chan",Oct. 2002,https://ieeexplore.ieee.org/document/1039845/,https://ieeexplore.ieee.org/stamp/stamp.jsp?tp=&arnumber=1039845
Real-time transaction management in mobile computing systems,"E. Kayan, O. Ulusoy",21-21 April 1999,https://ieeexplore.ieee.org/document/765744/,https://ieeexplore.ieee.org/stamp/stamp.jsp?tp=&arnumber=765744
Real-time transaction processing with partial validation at mobile clients,"V.C.S. Lee, Kwok-Wa Lam, S.H. Son",12-14 Dec. 2000,https://ieeexplore.ieee.org/document/896429/,https://ieeexplore.ieee.org/stamp/stamp.jsp?tp=&arnumber=896429
SODA: An Algorithm to Guarantee Correctness of Concurrent Transaction Execution in Mobile P2P Databases,"Zhaowen Xing, Le Gruenwald, K. K. Phang",1-5 Sept. 2008,https://ieeexplore.ieee.org/document/4624738/,https://ieeexplore.ieee.org/stamp/stamp.jsp?tp=&arnumber=4624738
Scheduling Real-Time Nested Transactions in Mobile Broadcast Environments,"Xiangdong Lei, Wuke Li, Xiaoli Yuan",18-21 Nov. 2008,https://ieeexplore.ieee.org/document/4709120/,https://ieeexplore.ieee.org/stamp/stamp.jsp?tp=&arnumber=4709120
Systemic support for transaction-based spatial-temporal programming of mobile robot swarms,"Daniel Graff, Daniel Röhrig, Reinhardt Karnapke",26-29 Oct. 2015,https://ieeexplore.ieee.org/document/7365921/,https://ieeexplore.ieee.org/stamp/stamp.jsp?tp=&arnumber=7365921
Transaction Service Discovery in Mobile Environments,"A.K. Eidsvik, R. Karlsen, P. Grace, G. Blair",18-20 April 2006,https://ieeexplore.ieee.org/document/1620381/,https://ieeexplore.ieee.org/stamp/stamp.jsp?tp=&arnumber=1620381
