title,author,date,link,pdf_link
A Generic Architecture Supporting Context-Aware Data and Transaction Management for Mobile Applications,"Steffen Vaupel, Damian Wlochowitz, Gabriele Taentzer",16-17 May 2016,https://ieeexplore.ieee.org/document/7832973/,https://ieeexplore.ieee.org/stamp/stamp.jsp?tp=&arnumber=7832973
A Transaction Model for Mobile Atomic Transactions,Lars Frank,25-28 March 2008,https://ieeexplore.ieee.org/document/4483025/,https://ieeexplore.ieee.org/stamp/stamp.jsp?tp=&arnumber=4483025
A Web-based design for the mobile transaction management of a distributed database system,"Jianting Zhong, Wanlei Zhou",22-25 Sept. 1998,https://ieeexplore.ieee.org/document/713621/,https://ieeexplore.ieee.org/stamp/stamp.jsp?tp=&arnumber=713621
A comparative study of mobile database transaction models,Ramzi A. Haraty,6-9 July 2015,https://ieeexplore.ieee.org/document/7405506/,https://ieeexplore.ieee.org/stamp/stamp.jsp?tp=&arnumber=7405506
A link and network layer approach to support mobile commerce transactions,"P. Ahluwalia, U. Varshney",6-9 Oct. 2003,https://ieeexplore.ieee.org/document/1286336/,https://ieeexplore.ieee.org/stamp/stamp.jsp?tp=&arnumber=1286336
A probability-based approach of transaction consistency in mobile environments,"Huaizhong Lin, Chun Chen, Bo Zhou",16-19 Oct. 2001,https://ieeexplore.ieee.org/document/962639/,https://ieeexplore.ieee.org/stamp/stamp.jsp?tp=&arnumber=962639
Adaptable transaction consistency for mobile environments,A. Rakotonirainy,26-28 Aug. 1998,https://ieeexplore.ieee.org/document/707437/,https://ieeexplore.ieee.org/stamp/stamp.jsp?tp=&arnumber=707437
Avoiding Infinite Blocking of Mobile Transactions,"Sebastian Obermeier, Stefan Bottcher",6-8 Sept. 2007,https://ieeexplore.ieee.org/document/4318090/,https://ieeexplore.ieee.org/stamp/stamp.jsp?tp=&arnumber=4318090
Concurrency control of real-time transactions with disconnections in mobile computing environment,"GuoQiong Liao, YunSheng Liu, LiNa Wang, ChuJi Peng",20-23 Oct. 2003,https://ieeexplore.ieee.org/document/1243047/,https://ieeexplore.ieee.org/stamp/stamp.jsp?tp=&arnumber=1243047
Context-Aware Mobile Services Transactions,"Muhammad Younas, Soraya Kouadri Mostéfaoui",20-23 April 2010,https://ieeexplore.ieee.org/document/5474804/,https://ieeexplore.ieee.org/stamp/stamp.jsp?tp=&arnumber=5474804
Efficient optimistic concurrency control for mobile real-time transactions in a wireless data broadcast environment,"Li Guohui, Yang Bing, Chen Jixiong",17-19 Aug. 2005,https://ieeexplore.ieee.org/document/1541121/,https://ieeexplore.ieee.org/stamp/stamp.jsp?tp=&arnumber=1541121
Failure Resilient Criteria for Mobile Web Services Transactions,"Muhammad Younas, Leonard Barolli, Makoto Ikeda",19-21 Sept. 2012,https://ieeexplore.ieee.org/document/6354727/,https://ieeexplore.ieee.org/stamp/stamp.jsp?tp=&arnumber=6354727
Guaranteed and consistent mobile transactions in broadcast environment,M. Mohana,20-22 Dec. 2007,https://ieeexplore.ieee.org/document/4735901/,https://ieeexplore.ieee.org/stamp/stamp.jsp?tp=&arnumber=4735901
Improving data consistency in mobile computing using isolation-only transactions,"Qi Lu, M. Satyanarayanan",4-5 May 1995,https://ieeexplore.ieee.org/document/513467/,https://ieeexplore.ieee.org/stamp/stamp.jsp?tp=&arnumber=513467
Improving the Success Rate of Concurrent Mobile Transactions by Predicting Time for Execution,"Salman Abdul Moiz, Umesh Kumar Choudhary",20-23 Dec. 2014,https://ieeexplore.ieee.org/document/7024677/,https://ieeexplore.ieee.org/stamp/stamp.jsp?tp=&arnumber=7024677
Increasing mobile transaction concurrency in dynamically configurable environments,"A. Brayner, J.A. Filho",6-10 June 2005,https://ieeexplore.ieee.org/document/1437237/,https://ieeexplore.ieee.org/stamp/stamp.jsp?tp=&arnumber=1437237
Isolating Transactions on Replicated Content Going Mobile,"Jose Enrique Armendariz-Inigo, Hendrik Decker, Francesc D. Munoz-Escoi",1-1 May 2007,https://ieeexplore.ieee.org/document/4417187/,https://ieeexplore.ieee.org/stamp/stamp.jsp?tp=&arnumber=4417187
"Loosely-coupled, mobile replication of objects with transactions","L. Veiga, N. Santos, R. Lebre, P. Ferreira",9-9 July 2004,https://ieeexplore.ieee.org/document/1316154/,https://ieeexplore.ieee.org/stamp/stamp.jsp?tp=&arnumber=1316154
Mobile transaction system for supporting mobile work,"H.N. Le, M. Nygaard",22-26 Aug. 2005,https://ieeexplore.ieee.org/document/1508420/,https://ieeexplore.ieee.org/stamp/stamp.jsp?tp=&arnumber=1508420
Resource conservation in a mobile transaction system,"Qi Lu, M. Satyanarayanan",March 1997,https://ieeexplore.ieee.org/document/580426/,https://ieeexplore.ieee.org/stamp/stamp.jsp?tp=&arnumber=580426
Revising transaction concepts for mobile computing,"E. Pitoura, B. Bhargava",8-9 Dec. 1994,https://ieeexplore.ieee.org/document/513477/,https://ieeexplore.ieee.org/stamp/stamp.jsp?tp=&arnumber=513477
"Seamless mobile transaction processing: models, protocols and software tools",V.K. Murthy,29-29 June 2001,https://ieeexplore.ieee.org/document/934813/,https://ieeexplore.ieee.org/stamp/stamp.jsp?tp=&arnumber=934813
Slack time scheduling for managing database transactions in mobile ad-hoc networks,"B. Diwan, M. R Sumalatha",25-27 July 2013,https://ieeexplore.ieee.org/document/6844239/,https://ieeexplore.ieee.org/stamp/stamp.jsp?tp=&arnumber=6844239
Systemic support for transaction-based spatial-temporal programming of mobile robot swarms,"Daniel Graff, Daniel Röhrig, Reinhardt Karnapke",26-29 Oct. 2015,https://ieeexplore.ieee.org/document/7365921/,https://ieeexplore.ieee.org/stamp/stamp.jsp?tp=&arnumber=7365921
Transaction adaption in system on mobile devices (SyD): techniques and languages,"W. Xie, S.B. Navathe",6-9 Oct. 2003,https://ieeexplore.ieee.org/document/1286087/,https://ieeexplore.ieee.org/stamp/stamp.jsp?tp=&arnumber=1286087
Transaction policies for mobile networks,"N. Santos, L. Veiga, P. Ferreira",9-9 June 2004,https://ieeexplore.ieee.org/document/1309150/,https://ieeexplore.ieee.org/stamp/stamp.jsp?tp=&arnumber=1309150
"Transaction processing in mobile, heterogeneous database systems","J.B. Lim, A.R. Hurson",Nov.-Dec. 2002,https://ieeexplore.ieee.org/document/1047771/,https://ieeexplore.ieee.org/stamp/stamp.jsp?tp=&arnumber=1047771
