title,author,date,link,pdf_link
A mobile transaction model that captures both the data and movement behavior,"MH Dunham, A Helal, S Balakrishnan - Mobile Networks and Applications, 1997 - Springer",1997,https://link.springer.com/article/10.1023/A:1013672431080,https://link.springer.com/content/pdf/10.1023/A:1013672431080.pdf
Business models and transactions in mobile electronic commerce: requirements and properties,"A Tsalgatidou, E Pitoura - Computer Networks, 2001 - Elsevier",2001,https://www.sciencedirect.com/science/article/pii/S138912860100216X,http://www.cs.uoi.gr/~pitoura/distribution/computer-networks02.pdf
Transaction processing in mobile computing environment,"PK Chrysanthis - Advances in Parallel and Distributed Systems …, 1993 - ieeexplore.ieee.org",1993,https://ieeexplore.ieee.org/abstract/document/588792/,https://www.computer.org/csdl/proceedings/apads/1993/5250/00/00588792.pdf
What drives mobile commerce?: An empirical evaluation of the revised technology acceptance model,"JH Wu, SC Wang - Information & management, 2005 - Elsevier",2005,https://www.sciencedirect.com/science/article/pii/S0378720604000904,https://www.researchgate.net/profile/Khan_Taufique/post/Does_anyone_have_the_questionnaire_used_to_assess_TAM_TAM2_and_or_TAM3/attachment/59d6432079197b807799ea6a/AS%3A441808166625282%401482346683989/download/Wu+and+Wang+2005.pdf
Security of a mobile transaction: A trust model,"SK Misra, N Wickamasinghe - Electronic Commerce Research, 2004 - Springer",2004,https://link.springer.com/article/10.1023/B:ELEC.0000037082.39182.3a,https://link.springer.com/content/pdf/10.1023/B:ELEC.0000037082.39182.3a.pdf
Tcot-a timeout-based mobile transaction commitment protocol,"V Kumar, N Prabhu, MH Dunham… - IEEE Transactions on …, 2002 - ieeexplore.ieee.org",2002,https://ieeexplore.ieee.org/abstract/document/1039846/,https://ieeexplore.ieee.org/iel5/12/22294/01039846.pdf
A framework for analyzing mobile transaction models,"R Hirsch, A Coratella, M Felder… - Journal of Database …, 2001 - igi-global.com",2001,https://www.igi-global.com/article/journal-database-management-jdm/3267,https://www.igi-global.com/viewtitle.aspx?TitleId=3267
Mobile computing and databases: Anything new?,"MH Dunham, A Helal - Acm Sigmod Record, 1995 - dl.acm.org",1995,https://dl.acm.org/citation.cfm?id=219727,https://www.ime.usp.br/~weslley/cursos/redesMoveis/anythingnew.pdf
A transaction model for mobile computing,"SK Madria, B Bhargava - Database Engineering and …, 1998 - ieeexplore.ieee.org",1998,https://ieeexplore.ieee.org/abstract/document/694363/,https://ieeexplore.ieee.org/iel4/5670/15179/00694363.pdf
Wireless communications: principles and practice,TS Rappaport - 1996 - academia.edu,1996,http://www.academia.edu/download/31129823/trunked_capacity.pdf,http://www.academia.edu/download/31129823/trunked_capacity.pdf
Revising transaction concepts for mobile computing,"E Pitoura, B Bhargava - Mobile Computing Systems and …, 1994 - ieeexplore.ieee.org",1994,https://ieeexplore.ieee.org/abstract/document/513477/,http://jotm.objectweb.org/related/mobile94.pdf
Moflex transaction model for mobile heterogeneous multidatabase systems,"KI Ku, YS Kim - Research Issues in Data Engineering, 2000 …, 2000 - ieeexplore.ieee.org",2000,https://ieeexplore.ieee.org/abstract/document/836498/,No PDF available
A transaction model to improve data availability in mobile computing,"SK Madria, B Bhargava - Distributed and Parallel Databases, 2001 - Springer",2001,https://link.springer.com/article/10.1023/A:1019232412740,https://link.springer.com/content/pdf/10.1023/A:1019232412740.pdf
A framework for analyzing mobile transaction models,"A Coratella, M Felder, R Hirsch… - Advanced Topics in …, 2003 - igi-global.com",2003,https://www.igi-global.com/chapter/advanced-topics-database-research/4349,No PDF available
Traffic model and performance analysis for cellular mobile radio telephone systems with prioritized and nonprioritized handoff procedures,"D Hong, SS Rappaport - … transactions on Vehicular Technology, 1986 - ieeexplore.ieee.org",1986,https://ieeexplore.ieee.org/abstract/document/1623389/,https://ieeexplore.ieee.org/iel5/25/34078/01623389.pdf
A model of consumer acceptance of mobile payment,"L Chen - International Journal of Mobile Communications, 2008 - inderscienceonline.com",2008,https://www.inderscienceonline.com/doi/abs/10.1504/IJMC.2008.015997,No PDF available
Understanding factors affecting trust in and satisfaction with mobile banking in Korea: A modified DeLone and McLean's model perspective,"KC Lee, N Chung - Interacting with computers, 2009 - academic.oup.com",2009,https://academic.oup.com/iwc/article-abstract/21/5-6/385/754008,https://academic.oup.com/iwc/article/21/5-6/385/754008
An assessment of value creation in mobile service delivery and the moderating role of time consciousness,"M Kleijnen, K De Ruyter, M Wetzels - Journal of retailing, 2007 - Elsevier",2007,https://www.sciencedirect.com/science/article/pii/S0022435906000662,http://digitalarchive.maastrichtuniversity.nl/fedora/get/guid:088391ec-d7fb-4585-9a17-b7c540be21b1/ASSET1
Location dependent data and its management in mobile databases,"MH Dunham, V Kumar - Database and Expert Systems …, 1998 - ieeexplore.ieee.org",1998,https://ieeexplore.ieee.org/abstract/document/707433/,http://citeseerx.ist.psu.edu/viewdoc/download?doi=10.1.1.25.6708&rep=rep1&type=pdf
Synthesis of extended transaction models using ACTA,"PK Chrysanthis, K Ramamritham - … Transactions on Database Systems …, 1994 - dl.acm.org",1994,https://dl.acm.org/citation.cfm?id=185843,https://www.ht.sfc.keio.ac.jp/~ume/Paper/2PhaseRecoveryTransaction/ACM/SynthesisOfExtendedTransactionModelsUsingACTA.pdf
Supporting semantics-based transaction processing in mobile database applications,"GD Walborn, PK Chrysanthis - Reliable Distributed Systems …, 1995 - ieeexplore.ieee.org",1995,https://ieeexplore.ieee.org/abstract/document/518721/,https://ieeexplore.ieee.org/iel3/3970/11457/00518721.pdf
Mobile data and transaction management,"SK Madria, M Mohania, SS Bhowmick, B Bhargava - Information Sciences, 2002 - Elsevier",2002,https://www.sciencedirect.com/science/article/pii/S0020025502001780,http://eprint.iitd.ac.in/bitstream/2074/1040/1/madriamob2002.pdf
The impact of perceptions of interactivity on customer trust and transaction intentions in mobile commerce,"TM Lee - Journal of Electronic Commerce Research, 2005 - jecr.org",2005,http://www.jecr.org/sites/default/files/06_3_p01.pdf,http://www.jecr.org/sites/default/files/06_3_p01.pdf
Mobile computing and databases-a survey,"D Barbará - IEEE transactions on Knowledge and Data …, 1999 - ieeexplore.ieee.org",1999,https://ieeexplore.ieee.org/abstract/document/755619/,https://ieeexplore.ieee.org/iel4/69/16382/00755619.pdf
The dangers of replication and a solution,"J Gray, P Helland, P O'Neil, D Shasha - ACM SIGMOD Record, 1996 - dl.acm.org",1996,https://dl.acm.org/citation.cfm?id=233330,http://db.cs.berkeley.edu/cs286/papers/dangers-sigmod1996.pdf
"Past, present and future of mobile payments research: A literature review","T Dahlberg, N Mallat, J Ondrus, A Zmijewska - … commerce research and …, 2008 - Elsevier",2008,https://www.sciencedirect.com/science/article/pii/S1567422307000075,http://citeseerx.ist.psu.edu/viewdoc/download?doi=10.1.1.177.750&rep=rep1&type=pdf
Adoption of mobile technology in business: a fit-viability model,"TP Liang, CW Huang, YH Yeh… - Industrial management & …, 2007 - emeraldinsight.com",2007,https://www.emeraldinsight.com/doi/abs/10.1108/02635570710822796,http://www.academia.edu/download/43424316/Use_of_tech_in_business__adoption_of_Mobile_technology.pdf
Building customer trust in mobile commerce,"K Siau, Z Shen - Communications of the ACM, 2003 - dl.acm.org",2003,https://dl.acm.org/citation.cfm?id=641211,http://www.academia.edu/download/22459142/p91-siau.pdf
Advanced transaction models and architectures,"S Jajodia, L Kerschberg - 2012 - books.google.com",2012,https://books.google.de/books?hl=de&lr=&id=IV_mBwAAQBAJ&oi=fnd&pg=PR13&dq=Mobile+transaction+models&ots=qQYHPelM-W&sig=g11TkrIA3i2K8c4ug_7AV57w8pQ,No PDF available
Improving data consistency in mobile computing using isolation-only transactions,"Q Lu, M Satyanarayanan - Hot Topics in Operating Systems …, 1995 - ieeexplore.ieee.org",1995,https://ieeexplore.ieee.org/abstract/document/513467/,http://www.dtic.mil/get-tr-doc/pdf?AD=ADA293110
Predicting consumer intention to use mobile service,"YS Wang, HH Lin, P Luarn - Information systems journal, 2006 - Wiley Online Library",2006,https://onlinelibrary.wiley.com/doi/abs/10.1111/j.1365-2575.2006.00213.x,https://onlinelibrary.wiley.com/doi/pdf/10.1111/j.1365-2575.2006.00213.x
Mole–Concepts of a mobile agent system,"J Baumann, F Hohl, K Rothermel, M Straßer - world wide web, 1998 - Springer",1998,https://link.springer.com/article/10.1023/A:1019211714301,https://link.springer.com/content/pdf/10.1023/A:1019211714301.pdf
A statistical model for a land mobile satellite link,"C Loo - IEEE transactions on vehicular technology, 1985 - ieeexplore.ieee.org",1985,https://ieeexplore.ieee.org/abstract/document/1623307/,https://ieeexplore.ieee.org/iel5/25/34073/01623307.pdf
Authentication for a commercial transaction using a mobile module,"BE Johnson, C Webster-Lam - US Patent 8,996,423, 2015 - Google Patents",2015,https://patents.google.com/patent/US8996423B2/en,No PDF available
A pre‐serialization transaction management technique for mobile multidatabases,"RA Dirckze, L Gruenwald - Mobile Networks and Applications, 2000 - Springer",2000,https://link.springer.com/article/10.1023/A:1019133317760,https://link.springer.com/content/pdf/10.1023/A:1019133317760.pdf
"The land mobile satellite communication channel-recording, statistics, and channel model","E Lutz, D Cygan, M Dippold… - IEEE transactions on …, 1991 - ieeexplore.ieee.org",1991,https://ieeexplore.ieee.org/abstract/document/289418/,https://ieeexplore.ieee.org/iel1/25/7193/00289418.pdf
An empirical investigation of mobile banking adoption: The effect of innovation attributes and knowledge-based trust,"HF Lin - International journal of information management, 2011 - Elsevier",2011,https://www.sciencedirect.com/science/article/pii/S026840121000099X,No PDF available
Mobile transaction system for supporting mobile work,"HN Le, M Nygård - Database and Expert Systems Applications …, 2005 - ieeexplore.ieee.org",2005,https://ieeexplore.ieee.org/abstract/document/1508420/,https://ieeexplore.ieee.org/iel5/10080/32313/01508420.pdf
An adaptable mobile transaction model,"P Serrano-Alvarado, C Roncancio… - Computer Systems …, 2005 - hal.archives-ouvertes.fr",2005,https://hal.archives-ouvertes.fr/hal-00415333/,https://hal.archives-ouvertes.fr/docs/00/41/53/33/PDF/PSerrano-AMT-IJCSSE2005-Journal.pdf
An overview of transaction models in mobile environments,"AY Seydim - Dallas: Departament od Computer Science …, 1999 - pdfs.semanticscholar.org",1999,https://pdfs.semanticscholar.org/047f/f8734a95b63115bd4d97d0d0d9cddf9ed546.pdf,https://pdfs.semanticscholar.org/047f/f8734a95b63115bd4d97d0d0d9cddf9ed546.pdf
Towards an understanding of the consumer acceptance of mobile wallet,"DH Shin - Computers in Human Behavior, 2009 - Elsevier",2009,https://www.sciencedirect.com/science/article/pii/S0747563209000958,No PDF available
Understanding m-commerce: a consumer-centric model,"C Coursaris, K Hassanein - Quarterly journal of electronic …, 2002 - researchgate.net",2002,https://www.researchgate.net/profile/Constantinos_Coursaris/publication/228936046_Understanding_m-commerce_A_consumer-centric_model/links/0912f5064668f9dd29000000/Understanding-m-commerce-A-consumer-centric-model.pdf,https://www.researchgate.net/profile/Constantinos_Coursaris/publication/228936046_Understanding_m-commerce_A_consumer-centric_model/links/0912f5064668f9dd29000000/Understanding-m-commerce-A-consumer-centric-model.pdf
Customer acceptance of mobile banking: A conceptual framework,"S Singh, V Srivastava, RK Srivastava - Sies journal of management, 2010 - siescoms.edu",2010,http://www.siescoms.edu/journals/siescoms/Journal4.pdf#page=57,http://www.siescoms.edu/journals/siescoms/Journal4.pdf#page=57
Factors affecting individuals to adopt mobile banking: Empirical evidence from the UTAUT model,"CS Yu - Journal of Electronic Commerce Research, 2012 - pdfs.semanticscholar.org",2012,https://pdfs.semanticscholar.org/2a3e/4a3024bfc4df27db07a1d48f77a6f371b0c3.pdf,https://pdfs.semanticscholar.org/2a3e/4a3024bfc4df27db07a1d48f77a6f371b0c3.pdf
Transaction management for m-commerce at a mobile terminal,"J Veijalainen, V Terziyan, H Tirri - Electronic Commerce Research and …, 2006 - Elsevier",2006,https://www.sciencedirect.com/science/article/pii/S1567422306000135,https://www.computer.org/csdl/proceedings/hicss/2003/1874/03/187430089a.pdf
Impact of mobility on transaction management,"MH Dunham, V Kumar - … on Data engineering for wireless and mobile …, 1999 - dl.acm.org",1999,https://dl.acm.org/citation.cfm?id=313323,No PDF available
A survey of various propagation models for mobile communication,"TK Sarkar, Z Ji, K Kim, A Medouri… - IEEE Antennas and …, 2003 - ieeexplore.ieee.org",2003,https://ieeexplore.ieee.org/abstract/document/1232163/,https://ieeexplore.ieee.org/iel5/74/27599/01232163.pdf
From E-government to M-government: Facing the Inevitable,"I Kushchu, H Kuscu - the 3rd European Conference on e-Government, 2003 - Citeseer",2003,http://citeseerx.ist.psu.edu/viewdoc/download?doi=10.1.1.113.2448&rep=rep1&type=pdf,http://citeseerx.ist.psu.edu/viewdoc/download?doi=10.1.1.113.2448&rep=rep1&type=pdf
A survey of mobile transactions,"P Serrano-Alvarado, C Roncancio, M Adiba - Distributed and Parallel …, 2004 - Springer",2004,https://link.springer.com/article/10.1023/B:DAPD.0000028552.69032.f9,https://link.springer.com/content/pdf/10.1023/B:DAPD.0000028552.69032.f9.pdf
"Transaction processing in mobile, heterogeneous database systems","JB Lim, AR Hurson - IEEE Transactions on Knowledge and …, 2002 - ieeexplore.ieee.org",2002,https://ieeexplore.ieee.org/abstract/document/1047771/,https://ieeexplore.ieee.org/iel5/69/22458/01047771.pdf
A distributed transaction model based on mobile agents,"FM de Assis Silva, S Krause - International Workshop on Mobile Agents, 1997 - Springer",1997,https://link.springer.com/chapter/10.1007/3-540-62803-7_35,No PDF available
Database system issues in nomadic computing,"R Alonso, HF Korth - ACM SIGMOD Record, 1993 - dl.acm.org",1993,https://dl.acm.org/citation.cfm?id=170092,https://pdfs.semanticscholar.org/c8ff/628044afd559c0ff116175ed5ba1b7cb76a0.pdf
Mobile banking services,"N Mallat, M Rossi, VK Tuunainen - Communications of the ACM, 2004 - dl.acm.org",2004,https://dl.acm.org/citation.cfm?id=986236,https://www.researchgate.net/profile/Virpi_Tuunainen/publication/220425077_Mobile_Banking_Services/links/0c96053aa77d1c445c000000/Mobile-Banking-Services.pdf
… of service quality and justice on customer satisfaction and the continuance intention of mobile value-added services: An empirical test of a multidimensional model,"L Zhao, Y Lu, L Zhang, PYK Chau - Decision support systems, 2012 - Elsevier",2012,https://www.sciencedirect.com/science/article/pii/S0167923611002028,http://or.nsfc.gov.cn/bitstream/00001903-5/112444/1/1000003789023.pdf
Consumer-based m-commerce: exploring consumer perception of mobile applications,"P Mahatanankoon, HJ Wen, B Lim - Computer standards & interfaces, 2005 - Elsevier",2005,https://www.sciencedirect.com/science/article/pii/S0920548904001254,No PDF available
A multidimensional and hierarchical model of mobile service quality,"Y Lu, L Zhang, B Wang - Electronic Commerce Research and Applications, 2009 - Elsevier",2009,https://www.sciencedirect.com/science/article/pii/S1567422309000192,No PDF available
Risk sharing and transactions costs: Evidence from Kenya's mobile money revolution,"W Jack, T Suri - American Economic Review, 2014 - aeaweb.org",2014,https://www.aeaweb.org/articles?id=10.1257/aer.104.1.183,https://www.jstor.org/stable/pdf/42920692.pdf
Replica placement algorithms for mobile transaction systems,"M Tu, P Li, L Xiao, IL Yen… - IEEE Transactions on …, 2006 - ieeexplore.ieee.org",2006,https://ieeexplore.ieee.org/abstract/document/1637421/,https://ieeexplore.ieee.org/iel5/69/34314/01637421.pdf
Structural properties and classification of kinematic and dynamic models of wheeled mobile robots,"G Campion, G Bastin… - IEEE transactions on …, 1996 - ieeexplore.ieee.org",1996,https://ieeexplore.ieee.org/abstract/document/481750/,https://ieeexplore.ieee.org/iel4/70/10242/00481750.pdf
Presentation of sponsored content based on mobile transaction event,"J Ramer, A Soroca, D Doughty - US Patent 7,702,318, 2010 - Google Patents",2010,https://patents.google.com/patent/US7702318B2/en,No PDF available
An evaluation of real-time transaction management issues in mobile database systems,"E Kayan, Ö Ulusoy - The Computer Journal, 1999 - academic.oup.com",1999,https://academic.oup.com/comjnl/article-abstract/42/6/501/365474,https://academic.oup.com/comjnl/article-pdf/42/6/501/1043355/420501.pdf
"Defining location data dependency, transaction mobility and commitment","V Kumar, MH Dunham - 1998 - Citeseer",1998,http://citeseerx.ist.psu.edu/viewdoc/summary?doi=10.1.1.7.8890,No PDF available
An empirical examination of factors influencing the intention to use mobile payment,"C Kim, M Mirusmonov, I Lee - Computers in Human Behavior, 2010 - Elsevier",2010,https://www.sciencedirect.com/science/article/pii/S074756320900168X,https://www.researchgate.net/institution/Yeungnam_University/department/School_of_Business/publications?nav=overview&ev=dep_pub
Business Model Analysis Applied to Mobile Business.,"G Camponovo, Y Pigneur - ICEIS (4), 2003 - academia.edu",2003,http://www.academia.edu/download/34318036/GC2003ICEIS.pdf,http://www.academia.edu/download/34318036/GC2003ICEIS.pdf
P Pattnaik,"PK Panda, S Swain, P Pattnaik - Int J Instrum. Control Autom.(IJICA), 2011",2011,/citations?user=O5ZbowUAAAAJ&hl=de&oi=sra,No PDF available
Factors affecting purchase intention on mobile shopping web sites,"HP Lu, P Yu-Jen Su - Internet Research, 2009 - emeraldinsight.com",2009,https://www.emeraldinsight.com/doi/abs/10.1108/10662240910981399,"http://scholar.google.de/scholar?output=instlink&nossl=1&q=info:-RVrJBWcKVIJ:scholar.google.com/&hl=de&as_sdt=0,5&scillfp=11235116711586205337&oi=lle"
A review for mobile commerce research and applications,"EWT Ngai, A Gunasekaran - Decision support systems, 2007 - Elsevier",2007,https://www.sciencedirect.com/science/article/pii/S0167923605000692,http://www.academia.edu/download/46676464/A_review_for_mobile_commerce_research_an20160621-24679-1frte6o.pdf
A physical mobile radio channel model,"WR Braun, U Dersch - … transactions on Vehicular Technology, 1991 - ieeexplore.ieee.org",1991,https://ieeexplore.ieee.org/abstract/document/289429/,https://ieeexplore.ieee.org/iel1/25/7193/00289429.pdf
Efficient validation of mobile transactions in wireless environments,"VCS Lee, KW Lam, TW Kuo - Journal of Systems and Software, 2004 - Elsevier",2004,https://www.sciencedirect.com/science/article/pii/S0164121203000840,http://delab.csd.auth.gr/~dimitris/courses/mpc_fall06/papers/transactions/JSS_04_validation_mobile_transactions.pdf
Data management for mobile computing,"E Pitoura, G Samaras - 2012 - books.google.com",2012,https://books.google.de/books?hl=de&lr=&id=90EGCAAAQBAJ&oi=fnd&pg=PR7&dq=Mobile+transaction+models&ots=qwzDR0TR68&sig=xdwpaSRIsNMO05yuKCXHSu_nRrE,http://img3.wikia.nocookie.net/__cb20140731130305/mobile-computing-prediction/images/8/88/Data_Management.pdf
Understanding dynamics between initial trust and usage intentions of mobile banking,"G Kim, BS Shin, HG Lee - Information Systems Journal, 2009 - Wiley Online Library",2009,https://onlinelibrary.wiley.com/doi/abs/10.1111/j.1365-2575.2007.00269.x,https://onlinelibrary.wiley.com/doi/pdf/10.1111/j.1365-2575.2007.00269.x
A multi-version transaction model to improve data availability in mobile computing,"SK Madria, M Baseer, SS Bhowmick - … "" On the Move to Meaningful Internet …, 2002 - Springer",2002,https://link.springer.com/chapter/10.1007/3-540-36124-3_19,ftp://ftp10.us.freebsd.org/users/azhang/disc/springer/0558/papers/2519/25190322.pdf
Challenges and business models for mobile location-based services and advertising,"S Dhar, U Varshney - Communications of the ACM, 2011 - dl.acm.org",2011,https://dl.acm.org/citation.cfm?id=1941515,https://m.cacm.acm.org/magazines/2011/5/107686-challenges-and-business-models-for-mobile-location-based-services-and-advertising/fulltext
Control of a nonholomic mobile robot: Backstepping kinematics into dynamics,"R Fierro, FL Lewis - Journal of Robotic Systems, 1997 - Wiley Online Library",1997,https://onlinelibrary.wiley.com/doi/abs/10.1002/(SICI)1097-4563(199703)14:3%3C149::AID-ROB1%3E3.0.CO;2-R,https://onlinelibrary.wiley.com/doi/pdf/10.1002/(SICI)1097-4563(199703)14:3%3C149::AID-ROB1%3E3.0.CO;2-R
Transaction processing in PRO-MOTION,"GD Walborn, PK Chrysanthis - … of the 1999 ACM symposium on Applied …, 1999 - dl.acm.org",1999,https://dl.acm.org/citation.cfm?id=298393,https://www.researchgate.net/profile/Panos_Chrysanthis/publication/251204548_Transaction_processing_in_PROMOTION/links/564b94c208ae3374e5ddc21b/Transaction-processing-in-PROMOTION.pdf
Connection Fault-Tolerant Model for distributed transaction processing in mobile computing environment,"T Dimovski, P Mitrevski - … Interfaces (ITI), Proceedings of the ITI …, 2011 - ieeexplore.ieee.org",2011,https://ieeexplore.ieee.org/abstract/document/5974011/,https://ieeexplore.ieee.org/iel5/5962072/5973970/05974011.pdf
Integrating TTF and UTAUT to explain mobile banking user adoption,"T Zhou, Y Lu, B Wang - Computers in human behavior, 2010 - Elsevier",2010,https://www.sciencedirect.com/science/article/pii/S0747563210000154,No PDF available
Fundamental challenges in mobile computing,"M Satyanarayanan - Proceedings of the fifteenth annual ACM …, 1996 - dl.acm.org",1996,https://dl.acm.org/citation.cfm?id=248053,http://www.dtic.mil/get-tr-doc/pdf?AD=ADA306271
Explaining the adoption of transactional B2C mobile commerce,"M Khalifa, K Ning Shen - Journal of enterprise information …, 2008 - emeraldinsight.com",2008,https://www.emeraldinsight.com/doi/pdf/10.1108/17410390810851372,"http://scholar.google.de/scholar?output=instlink&nossl=1&q=info:4r_0GT4HzEQJ:scholar.google.com/&hl=de&as_sdt=0,5&scillfp=10033541230510664528&oi=lle"
A transaction framework for mobile data sharing services,"HN Le, M Nygård - Mobile Ubiquitous Computing, Systems …, 2008 - ieeexplore.ieee.org",2008,https://ieeexplore.ieee.org/abstract/document/4641321/,No PDF available
"Mobile banking and economic development: Linking adoption, impact, and use","J Donner, CA Tellez - Asian journal of communication, 2008 - Taylor & Francis",2008,https://www.tandfonline.com/doi/abs/10.1080/01292980802344190,http://www.kiwanja.net/database/document/report_mbanking_adoption_use.pdf
Models and solution techniques for frequency assignment problems,"KI Aardal, SPM Van Hoesel, AMCA Koster… - Annals of Operations …, 2007 - Springer",2007,https://link.springer.com/article/10.1007/s10479-007-0178-0,https://link.springer.com/article/10.1007/s10479-007-0178-0
"Seamless mobile transaction processing: Models, protocols and software tools","VK Murthy - Parallel and Distributed Systems, 2001. ICPADS …, 2001 - ieeexplore.ieee.org",2001,https://ieeexplore.ieee.org/abstract/document/934813/,https://ieeexplore.ieee.org/iel5/7439/20222/00934813.pdf
Mobile Transaction Supports for DBMS,"P Serrano-Alvarado, C Roncancio… - 17e Journées Bases …, 2001 - hal.archives-ouvertes.fr",2001,https://hal.archives-ouvertes.fr/hal-01355439/,https://hal.archives-ouvertes.fr/hal-01355439/document
Coordinated collective motion of groups of autonomous mobile robots: Analysis of Vicsek's model,"AV Savkin - IEEE Transactions on Automatic Control, 2004 - ieeexplore.ieee.org",2004,https://ieeexplore.ieee.org/abstract/document/1304923/,https://ieeexplore.ieee.org/iel5/9/28984/01304923.pdf
Isolation-only transactions for mobile computing,"Q Lu, M Satyanaranyanan - ACM SIGOPS Operating Systems Review, 1994 - dl.acm.org",1994,https://dl.acm.org/citation.cfm?id=198164,http://www-2.cs.cmu.edu/afs/cs/project/coda-www/ResearchWebPages/docdir/osriot94.pdf
A parametric model for the distribution of the angle of arrival and the associated correlation function and power spectrum at the mobile station,"A Abdi, JA Barger, M Kaveh - IEEE Transactions on vehicular …, 2002 - ieeexplore.ieee.org",2002,https://ieeexplore.ieee.org/abstract/document/1002493/,https://ieeexplore.ieee.org/iel5/25/21634/01002493.pdf
"Stable flocking of mobile agents, Part I: Fixed topology","HG Tanner, A Jadbabaie… - Decision and Control …, 2003 - ieeexplore.ieee.org",2003,https://ieeexplore.ieee.org/abstract/document/1272910/,https://ieeexplore.ieee.org/iel5/8969/28479/01272910.pdf
Mobile payments go viral: M-PESA in Kenya,"I Mas, D Radcliffe - 2010 - elibrary.worldbank.org",2010,https://elibrary.worldbank.org/doi/pdf/10.1596/978-0-8213-8745-0#page=369,https://www.researchgate.net/profile/Daniel_Radcliffe/publication/227489474_Mobile_payments_go_viral_M-PESA_in_Kenya/links/54fd4c650cf20700c5eb02d8/Mobile-payments-go-viral-M-PESA-in-Kenya.pdf
A Survey of Mobile Transaction Models,"A Helal, S Balakrishnan, M Dunham, R Elmasri - 1996 - docs.lib.purdue.edu",1996,https://docs.lib.purdue.edu/cgi/viewcontent.cgi?article=2258&context=cstech,https://docs.lib.purdue.edu/cgi/viewcontent.cgi?article=2258&context=cstech
Dynamic modeling of household automobile transactions,"A Mohammadian, EJ Miller - Transportation Research …, 2003 - journals.sagepub.com",2003,https://journals.sagepub.com/doi/abs/10.3141/1831-11,https://journals.sagepub.com/doi/pdf/10.3141/1831-11
A statistical model of mobile-to-mobile land communication channel,"AS Akki, F Haber - IEEE transactions on vehicular technology, 1986 - ieeexplore.ieee.org",1986,https://ieeexplore.ieee.org/abstract/document/1623375/,https://ieeexplore.ieee.org/iel5/25/34076/01623375.pdf
On transaction processing with partial validation and timestamp ordering in mobile broadcast environments,"VCS Lee, KW Lam, SH Son… - IEEE Transactions on …, 2002 - ieeexplore.ieee.org",2002,https://ieeexplore.ieee.org/abstract/document/1039845/,https://ieeexplore.ieee.org/iel5/12/22294/01039845.pdf
Modeling users' acceptance of mobile services,"T Zarmpou, V Saprikis, A Markos… - Electronic Commerce …, 2012 - Springer",2012,https://link.springer.com/article/10.1007/s10660-012-9092-x,https://link.springer.com/article/10.1007/s10660-012-9092-x
On the correctness of a transaction model for mobile computin,"SK Madria, B Bhargava - … Conference on Database and Expert Systems …, 1998 - Springer",1998,https://link.springer.com/chapter/10.1007/BFb0054515,No PDF available
Customer satisfaction in the restaurant industry: an examination of the transaction-specific model,"S Saad Andaleeb, C Conway - Journal of services marketing, 2006 - emeraldinsight.com",2006,https://www.emeraldinsight.com/doi/pdf/10.1108/08876040610646536,https://www.researchgate.net/profile/Syed_Andaleeb/publication/241729526_Customer_satisfaction_in_the_restaurant_industry_An_examination_of_the_transaction-specific_model/links/556e501108aeab777226a3a3.pdf
Mobile money: The economics of M-PESA,"W Jack, T Suri - 2011 - nber.org",2011,http://www.nber.org/papers/w16721,http://faculty.georgetown.edu/wgj/papers/Jack_Suri-Economics-of-M-PESA.pdf
Mobile money transfer services: the next phase in the evolution of person-to-person payments,"C Merritt - Journal of Payments Strategy & Systems, 2011 - ingentaconnect.com",2011,https://www.ingentaconnect.com/content/hsp/jpss/2011/00000005/00000002/art00005,https://www.frbatlanta.org/-/media/documents/rprf/rprf_resources/wp0810.pdf
Preface: introduction to special section–business models,"R Alt, HD Zimmermann - Electronic markets, 2001 - Taylor & Francis",2001,https://www.tandfonline.com/doi/abs/10.1080/713765630,https://www.alexandria.unisg.ch/214182/1/Business%2520Models%2520Editorial%2520IJEM%25202001.pdf
Concurrency control in mobile distributed real-time database systems,"KY Lam, TW Kuo, WH Tsang… - Information …, 2000 - pdfs.semanticscholar.org",2000,https://pdfs.semanticscholar.org/dd63/f1351553bdf4394f090a3e7fb6816eea6abd.pdf,https://pdfs.semanticscholar.org/dd63/f1351553bdf4394f090a3e7fb6816eea6abd.pdf
